Cell,Band,n,Zre_RMSE,Zre_MAE,Zre_Max,Zim_RMSE,Zim_MAE,Zim_Max,NormRes_re,NormRes_im
Samsung,20 mHz -- 1 Hz,17,0.24101535593961104,0.1631895641441186,0.5641498721023623,0.14319891395883425,0.08945511613798639,0.4941512483439352,0.26964370912562513,0.14687298798062517
Samsung,1 -- 100 Hz,18,0.8158805160999207,0.7641958053862825,1.3741852393511849,0.4060154432568371,0.37658376991357545,0.637914295228579,1.34573161750103,0.6572818508993099
Samsung,100 Hz -- 1 kHz,18,0.4540250884857089,0.3716212336264795,0.8894114182027195,0.07162293991803355,0.05146849889684473,0.1803690673185292,0.7660378349509405,0.10493952404528098
Samsung,1 -- 10 kHz,19,0.27732683800165325,0.22801439203680923,0.6066833419353941,1.371732078569386,0.9944587545055602,2.894720637046799,0.4700745995628805,1.9594195580749183
Samsung,FULL SWEEP,72,0.5019571765777391,0.38265559363026536,1.3741852393511849,0.7374839051614032,0.3905610298408191,2.894720637046799,0.7156557026523032,0.74230273816801
LGM50,20 mHz -- 1 Hz,17,0.10582253101193481,0.08271007658743035,0.2378527058732658,0.07159628193929504,0.05523387375943575,0.13846027591204835,0.21425328195678106,0.14466485941606774
LGM50,1 -- 100 Hz,18,0.24463427649579553,0.19648116313639916,0.43115916631086293,0.09489303676602771,0.08112385167409454,0.1790596137882039,0.5538185329988291,0.2289510296354118
LGM50,100 Hz -- 1 kHz,18,0.11839618290556281,0.09724058772081613,0.21425495845964093,0.05319001644597611,0.03417318057842271,0.14418932372576598,0.30908961546426483,0.10787553787316609
LGM50,1 -- 10 kHz,19,0.33681636341945115,0.28301649465480183,0.566666666659998,0.47481279894607936,0.3029488795094519,1.4611099073124905,0.865788371014785,0.8661402985242246
LGM50,FULL SWEEP,72,0.2259356307176158,0.1676441141091309,0.566666666659998,0.25231287754979187,0.12181043257132368,1.4611099073124905,0.4947865488178039,0.34692842357205306
