f_Hz,Zre_DUT,Zre_REF,dZre,Zim_DUT,Zim_REF,dZim,absZ_DUT,absZ_REF,ph_DUT,ph_REF,dph_deg,res_re_pct,res_im_pct
0.02,64.4193,64.4,0.0193,-7.7546,-7.9,0.1454,64.8843,64.8827,-6.8641,-6.9936,0.1295,0.0297,0.2241
0.03,62.3727,62.8273,-0.4546,-6.188,-6.066,-0.122,62.6789,63.1194,-5.6658,-5.5148,-0.151,-0.7202,-0.1933
0.04,62.5412,62.2247,0.3166,-5.1308,-5.1012,-0.0296,62.7513,62.4334,-4.69,-4.6866,-0.0033,0.5071,-0.0475
0.05,61.8173,61.8468,-0.0296,-4.2872,-4.4548,0.1676,61.9657,62.0071,-3.9673,-4.1199,0.1526,-0.0477,0.2702
0.06,61.5289,61.5728,-0.0439,-4.0405,-4.0158,-0.0246,61.6614,61.7036,-3.7571,-3.7316,-0.0255,-0.0712,-0.0399
0.07,61.3127,61.3256,-0.0128,-3.6958,-3.7285,0.0326,61.424,61.4388,-3.4495,-3.4792,0.0296,-0.0209,0.0531
0.08,61.1157,61.1072,0.0085,-3.4286,-3.4702,0.0416,61.2118,61.2056,-3.2109,-3.2502,0.0393,0.0139,0.068
0.09,60.9409,60.9252,0.0158,-3.2191,-3.2336,0.0145,61.0259,61.0109,-3.0237,-3.0381,0.0144,0.0258,0.0238
0.1,60.8069,60.7853,0.0216,-2.9488,-3.0471,0.0983,60.8784,60.8616,-2.7763,-2.8698,0.0935,0.0355,0.1616
0.2,60.5452,59.981,0.5641,-2.6696,-2.1754,-0.4942,60.604,60.0204,-2.5247,-2.0771,-0.4475,0.9399,-0.8233
0.3,60.0571,59.6046,0.4526,-1.8076,-1.7576,-0.05,60.0843,59.6305,-1.724,-1.6891,-0.0349,0.759,-0.0838
0.4,59.1807,59.3242,-0.1435,-1.5747,-1.535,-0.0397,59.2016,59.344,-1.5242,-1.4822,-0.042,-0.2418,-0.0669
0.5,59.1041,59.2344,-0.1303,-1.4917,-1.4215,-0.0702,59.1229,59.2514,-1.4457,-1.3747,-0.071,-0.2199,-0.1185
0.6,59.04,59.1279,-0.0878,-1.3384,-1.3645,0.026,59.0552,59.1436,-1.2986,-1.3219,0.0233,-0.1485,0.044
0.7,58.9417,58.9969,-0.0552,-1.2621,-1.2982,0.0361,58.9552,59.0112,-1.2267,-1.2606,0.0339,-0.0936,0.0611
0.8,58.626,58.9292,-0.3032,-1.2384,-1.2436,0.0052,58.6391,58.9423,-1.2101,-1.209,-0.0011,-0.5144,0.0089
0.9,58.7847,58.8996,-0.1148,-1.3224,-1.1993,-0.123,58.7996,58.9118,-1.2887,-1.1665,-0.1221,-0.1949,-0.2088
1.0,58.6552,58.8663,-0.2111,-1.2034,-1.1594,-0.044,58.6675,58.8777,-1.1753,-1.1283,-0.047,-0.3586,-0.0748
2.0,58.4456,58.8048,-0.3591,-1.4137,-1.165,-0.2487,58.4627,58.8163,-1.3857,-1.135,-0.2507,-0.6105,-0.4229
3.0,58.3231,58.7688,-0.4457,-1.5368,-1.1683,-0.3685,58.3433,58.7804,-1.5094,-1.1389,-0.3705,-0.7582,-0.6268
4.0,58.2361,58.7432,-0.5071,-1.6241,-1.1707,-0.4534,58.2588,58.7549,-1.5975,-1.1417,-0.4558,-0.8631,-0.7717
5.0,58.1687,58.7234,-0.5547,-1.6918,-1.1725,-0.5193,58.1933,58.7351,-1.666,-1.1439,-0.5221,-0.9445,-0.8842
6.0,57.5008,58.5109,-1.0101,-1.7918,-1.2881,-0.5037,57.5287,58.5251,-1.7848,-1.2612,-0.5237,-1.7259,-0.8606
7.0,57.4936,58.3312,-0.8376,-1.8918,-1.3859,-0.5059,57.5247,58.3477,-1.8846,-1.3611,-0.5236,-1.4355,-0.8671
8.0,57.3447,58.1755,-0.8308,-1.985,-1.4706,-0.5144,57.379,58.1941,-1.9825,-1.4481,-0.5345,-1.4277,-0.884
9.0,57.0156,58.0382,-1.0227,-2.1041,-1.5453,-0.5588,57.0544,58.0588,-2.1134,-1.5252,-0.5883,-1.7614,-0.9624
10.0,56.6296,57.9154,-1.2858,-2.25,-1.6121,-0.6379,56.6743,57.9379,-2.2753,-1.5945,-0.6808,-2.2193,-1.101
20.0,56.4853,57.2143,-0.729,-2.7663,-2.3768,-0.3894,56.553,57.2636,-2.8037,-2.3789,-0.4249,-1.273,-0.6801
30.0,55.1165,56.4907,-1.3742,-3.2839,-2.8482,-0.4357,55.2142,56.5624,-3.4097,-2.8864,-0.5233,-2.4295,-0.7702
40.0,54.9902,55.8243,-0.8341,-3.464,-3.1895,-0.2746,55.0992,55.9153,-3.6045,-3.27,-0.3345,-1.4918,-0.491
50.0,54.386,55.1253,-0.7393,-3.7912,-3.4568,-0.3344,54.518,55.2336,-3.9876,-3.5883,-0.3993,-1.3385,-0.6054
60.0,53.7873,54.5332,-0.7459,-3.9204,-3.5613,-0.3591,53.93,54.6494,-4.1687,-3.7364,-0.4324,-1.3649,-0.6572
70.0,53.2812,54.0327,-0.7515,-3.9274,-3.6495,-0.2779,53.4257,54.1558,-4.2157,-3.8641,-0.3516,-1.3876,-0.5131
80.0,52.8427,53.599,-0.7563,-3.9335,-3.726,-0.2075,52.9889,53.7284,-4.2571,-3.9766,-0.2805,-1.4077,-0.3862
90.0,52.456,53.2165,-0.7606,-3.9389,-3.7935,-0.1454,52.6036,53.3516,-4.2942,-4.0774,-0.2169,-1.4256,-0.2725
100.0,52.11,52.8744,-0.7644,-3.9437,-3.8538,-0.0898,52.259,53.0147,-4.3279,-4.1687,-0.1592,-1.4418,-0.1695
150.0,50.6948,51.4327,-0.7379,-3.5859,-3.7663,0.1804,50.8215,51.5704,-4.0461,-4.1881,0.1421,-1.4308,0.3498
200.0,49.3933,50.2827,-0.8894,-3.3504,-3.5209,0.1705,49.5068,50.4058,-3.8805,-4.0054,0.125,-1.7645,0.3383
250.0,49.2201,49.4196,-0.1995,-3.1814,-3.2305,0.0491,49.3228,49.525,-3.6983,-3.74,0.0418,-0.4028,0.0991
300.0,48.4082,48.7765,-0.3683,-2.9398,-2.9399,0.0002,48.4974,48.8651,-3.4752,-3.4492,-0.026,-0.7538,0.0003
350.0,48.2846,48.2862,-0.0015,-2.6941,-2.6602,-0.0339,48.3598,48.3594,-3.1936,-3.1534,-0.0402,-0.0032,-0.0701
400.0,47.6072,47.8639,-0.2567,-2.3298,-2.3745,0.0447,47.6642,47.9228,-2.8017,-2.84,0.0384,-0.5357,0.0933
450.0,46.9555,47.4476,-0.492,-1.9922,-2.068,0.0759,46.9978,47.4926,-2.4294,-2.4957,0.0663,-1.036,0.1597
500.0,46.4883,47.0671,-0.5788,-1.7291,-1.7594,0.0303,46.5205,47.1,-2.1301,-2.1408,0.0107,-1.2289,0.0644
550.0,46.395,46.7636,-0.3686,-1.4347,-1.4703,0.0355,46.4172,46.7867,-1.7713,-1.8008,0.0295,-0.7879,0.076
600.0,46.1234,46.5277,-0.4043,-1.1577,-1.1999,0.0423,46.138,46.5432,-1.4378,-1.4773,0.0395,-0.8686,0.0908
650.0,45.8762,46.3276,-0.4514,-0.8869,-0.9376,0.0506,45.8848,46.3371,-1.1076,-1.1594,0.0518,-0.9741,0.1092
700.0,45.6591,46.1351,-0.476,-0.6227,-0.6738,0.0511,45.6633,46.14,-0.7814,-0.8367,0.0553,-1.0317,0.1107
750.0,45.4684,45.9453,-0.4769,-0.3646,-0.4083,0.0436,45.4698,45.9471,-0.4595,-0.5091,0.0496,-1.038,0.095
800.0,45.692,45.7622,-0.0702,-0.145,-0.144,-0.001,45.6922,45.7624,-0.1819,-0.1803,-0.0016,-0.1533,-0.0022
850.0,45.5516,45.5897,-0.0381,0.1274,0.1159,0.0115,45.5518,45.5899,0.1602,0.1457,0.0146,-0.0835,0.0252
900.0,45.4056,45.4306,-0.025,0.373,0.3693,0.0037,45.4071,45.4321,0.4706,0.4657,0.0049,-0.0551,0.0081
950.0,45.1926,45.2827,-0.0901,0.6294,0.617,0.0123,45.197,45.2869,0.7979,0.7807,0.0172,-0.199,0.0272
1000.0,44.9,45.1432,-0.2432,0.8778,0.8606,0.0172,44.9086,45.1514,1.12,1.0921,0.0279,-0.5387,0.0381
1500.0,44.4319,44.2633,0.1686,3.1677,3.1056,0.0621,44.5446,44.3721,4.0779,4.0134,0.0645,0.3799,0.14
2000.0,44.0782,43.7265,0.3517,5.2858,5.1319,0.154,44.394,44.0266,6.8382,6.6938,0.1444,0.7989,0.3497
2500.0,43.5719,43.4376,0.1343,7.2946,7.014,0.2806,44.1783,44.0002,9.504,9.1726,0.3315,0.3052,0.6376
3000.0,43.4138,43.3991,0.0146,9.0391,8.8618,0.1772,44.3448,44.2947,11.7614,11.5408,0.2206,0.0331,0.4001
3500.0,43.697,43.4837,0.2133,11.1523,10.6212,0.5311,45.0977,44.762,14.3173,13.7262,0.5911,0.4765,1.1864
4000.0,43.5607,43.6445,-0.0838,12.9112,12.2963,0.6148,45.4339,45.3436,16.5095,15.7346,0.7749,-0.1847,1.3559
4500.0,43.732,43.8588,-0.1268,15.2903,13.9129,1.3774,46.3279,46.0126,19.2715,17.6001,1.6714,-0.2756,2.9935
5000.0,44.5371,44.1,0.4371,17.3082,15.5,1.8082,47.7821,46.7446,21.2373,19.3652,1.872,0.9351,3.8682
5500.0,44.9825,44.541,0.4415,19.1255,18.042,1.0835,48.8795,48.0564,23.0341,22.0511,0.9829,0.9186,2.2547
6000.0,45.1432,44.5365,0.6067,21.0381,20.2554,0.7827,49.8047,48.9263,24.9869,24.4562,0.5307,1.24,1.5997
6500.0,45.3596,44.8928,0.4667,23.1419,22.2809,0.8609,50.9219,50.1179,27.0301,26.3958,0.6342,0.9313,1.7178
7000.0,45.3991,45.2071,0.192,25.4561,23.7663,1.6897,52.0489,51.0737,29.2801,27.7319,1.5482,0.376,3.3084
7500.0,45.5903,45.3879,0.2024,28.8517,26.143,2.7087,53.9527,52.3786,32.3275,29.9415,2.386,0.3864,5.1714
8000.0,45.8286,45.5695,0.2591,31.6518,28.7573,2.8946,55.6965,53.8847,34.6312,32.2546,2.3766,0.4809,5.3718
8500.0,45.6254,45.7062,-0.0807,34.5277,31.633,2.8947,57.2175,55.5851,37.1171,34.6869,2.4302,-0.1452,5.2077
9000.0,45.9053,45.8433,0.062,35.1287,34.7963,0.3324,57.8042,57.5534,37.4247,37.1995,0.2253,0.1078,0.5776
9500.0,45.8056,45.9808,-0.1752,37.235,36.8841,0.3509,59.0305,58.9463,39.1074,38.7353,0.3721,-0.2972,0.5953
10000.0,46.0463,46.1188,-0.0724,38.4542,38.7283,-0.2741,59.9916,60.2231,39.8659,40.0219,-0.156,-0.1203,-0.4551
