cell,T_C,f_max,R_ohm,Zre_20mHz,R_pol,f_cross,at_edge
Panasonic,-10.0,2400.0,44.464,192.683,148.219,2393.474,False
Panasonic,0.0,2000.0,39.053,129.679,90.625,1997.54,False
Panasonic,15.0,1600.0,36.252,60.793,24.541,1578.203,False
Panasonic,25.0,1300.0,34.427,48.67,14.243,1248.386,False
Panasonic,40.0,800.0,33.852,41.29,7.439,775.937,False
Panasonic,50.0,700.0,32.783,40.497,7.713,700.0,True
Samsung,-10.0,950.0,55.567,187.668,132.101,904.887,False
Samsung,0.0,850.0,54.381,138.283,83.902,845.467,False
Samsung,15.0,550.0,46.316,79.936,33.62,502.987,False
Samsung,25.0,800.0,45.762,64.4,18.638,800.0,True
Samsung,40.0,900.0,44.217,59.811,15.594,827.704,False
Samsung,50.0,650.0,43.481,56.408,12.927,650.0,True
