f,dc_re,dc_im,dc_nim,dc_ph,ec_re,ec_im,ec_nim,ec_ph,dc_mag,ec_mag,e_re,e_im,e_mag,e_ph
0.02,64.41927745385979,-7.75458574197999,7.75458574197999,-6.864054398139975,64.4,-7.9,7.9,-6.993579119293306,64.88433484059992,64.88274038602255,0.019277453859785965,0.1454142580200104,0.001594454577372062,0.1295247211533317
0.03,62.3727027141986,-6.18801433515482,6.18801433515482,-5.665790957793915,62.82727032626002,-6.06599808562604,6.06599808562604,-5.514836428705551,62.67890845640086,63.119428303999804,-0.4545676120614175,-0.12201624952878021,-0.44051984759894225,-0.15095452908836382
0.04,62.5412344686813,-5.130809757639962,5.130809757639962,-4.689975826266879,62.22466554296035,-5.101184240234349,5.101184240234349,-4.686633217156373,62.75134434923019,62.43341319026289,0.31656892572095074,-0.02962551740561281,0.31793115896729773,-0.0033426091105059896
0.05,61.81725026090292,-4.28723084862397,4.28723084862397,-3.9672992830863176,61.84682407356717,-4.45479069267585,4.45479069267585,-4.1198664884517475,61.96573874463609,62.00705450271218,-0.029573812664253296,0.16755984405187974,-0.041315758076088116,0.1525672053654299
0.06,61.52888986703849,-4.040468782589484,4.040468782589484,-3.757095271667873,61.57281450380783,-4.015825194748163,4.015825194748163,-3.7315886724619562,61.661411565526386,61.70363310142363,-0.04392463676934,-0.024643587841320702,-0.04222153589724087,-0.025506599205916913
0.07,61.31271966304845,-3.695839679039187,3.695839679039187,-3.4495305775727174,61.3255566049676,-3.728459235395897,3.728459235395897,-3.4791750742729746,61.42400852608635,61.43879312925258,-0.012836941919154299,0.03261955635670999,-0.014784603166233978,0.02964449670025715
0.08,61.11567448927896,-3.428561528372445,3.428561528372445,-3.2109015748262477,61.10715139886187,-3.470153625825945,3.470153625825945,-3.250222536953293,61.21176931304419,61.20560365089343,0.008523090417085655,0.04159209745350001,0.006165662150763751,0.03932096212704517
0.09,60.94093729361567,-3.219059247498001,3.219059247498001,-3.0237023231807703,60.92518638044355,-3.233564625371536,3.233564625371536,-3.038085709475484,61.02589762275766,61.0109357056441,0.01575091317211985,0.014505377873535341,0.014961917113559764,0.014383386294713585
0.1,60.80694542361846,-2.94875700207016,2.94875700207016,-2.7763124525785003,60.78531920014854,-3.047096095811494,3.047096095811494,-2.8697673996676643,60.87840158552269,60.861644940644325,0.02162622346991583,0.09833909374133398,0.016756644878363147,0.09345494708916391
0.2,60.5451558052831,-2.66956509243467,2.66956509243467,-2.5246579303451258,59.98100593318074,-2.175413844090735,2.175413844090735,-2.077114612094616,60.60398063880583,60.02044233550203,0.5641498721023623,-0.4941512483439352,0.5835383033037971,-0.44754331825050997
0.3,60.05714131008966,-1.80762994856843,1.80762994856843,-1.7239966216284042,59.60456550692611,-1.757633022278114,1.757633022278114,-1.689061550135457,60.08433862805714,59.63047461751791,0.4525758031635547,-0.049996926290315935,0.45386401053922754,-0.03493507149294728
0.4,59.1807035344315,-1.57467274642117,1.57467274642117,-1.5241593011321415,59.32417630292124,-1.534969183911187,1.534969183911187,-1.4821552198156405,59.20164917541229,59.344031076559325,-0.14347276848973678,-0.03970356250998308,-0.14238190114703286,-0.04200408131650102
0.5,59.1040932937394,-1.49165394132791,1.49165394132791,-1.4457092890977825,59.23437597112135,-1.421459110594378,1.421459110594378,-1.3746743901488458,59.12291328711509,59.25142903501358,-0.13028267738194899,-0.07019483073353205,-0.12851574789848996,-0.07103489894893666
0.6,59.0400296170019,-1.338406350198631,1.338406350198631,-1.2986426905934128,59.12785321091846,-1.364450980294504,1.364450980294504,-1.32193891471499,59.05519815168444,59.14359434300174,-0.08782359391656058,0.02604463009587299,-0.08839619131729393,0.02329622412157728
0.7,58.94171217661818,-1.262136482326216,1.262136482326216,-1.2267041643703345,58.99694553170724,-1.298191879381481,1.298191879381481,-1.260555331987115,58.95522388059703,59.01122676429395,-0.05523335508905802,0.03605539705526506,-0.056002883696919525,0.03385116761678053
0.8,58.6260008703712,-1.23835769548866,1.23835769548866,-1.2100794640202952,58.92919413245713,-1.24360129936458,1.24360129936458,-1.2089513899592665,58.6390783337762,58.94231472628642,-0.30319326208592656,0.005243603875920044,-0.3032363925102217,-0.001128074061028661
0.9,58.7847154557678,-1.322367652007,1.322367652007,-1.28865656259696,58.89955710393465,-1.199336458838739,1.199336458838739,-1.1665184891367484,58.79958696642911,58.911766524024365,-0.11484164816684483,-0.12303119316826105,-0.11217955759525466,-0.12213807346021155
1.0,58.65517143445398,-1.203383761519416,1.203383761519416,-1.175329259719681,58.86628540869394,-1.159367451444142,1.159367451444142,-1.1282905763607594,58.66751459268302,58.87770113298651,-0.21111397423995726,-0.04401631007527396,-0.21018654030348927,-0.047038683358921585
2.0,58.44564889209386,-1.413739656690652,1.413739656690652,-1.385655298906049,58.8047513289508,-1.165026558145978,1.165026558145978,-1.134982666142354,58.462744840067266,58.81629081930385,-0.35910243685694354,-0.24871309854467394,-0.3535459792365856,-0.250672632763695
3.0,58.32308606175744,-1.536789967171456,1.536789967171456,-1.5093715959595082,58.76875619978468,-1.168336923354132,1.168336923354132,-1.1389037698161522,58.343329448792716,58.78036846121503,-0.4456701380272463,-0.3684530438173239,-0.4370390124223178,-0.37046782614335605
4.0,58.23612634973374,-1.624095551861888,1.624095551861888,-1.5974570018371597,58.74321724920766,-1.170685664847814,1.170685664847814,-1.141688744911247,58.25876842659592,58.75488130967068,-0.5070908994739227,-0.45340988701407414,-0.4961128830747583,-0.4557682569259127
5.0,58.1686751568358,-1.69181502444269,1.69181502444269,-1.6659575205233739,58.7234077001453,-1.1725074902871,1.1725074902871,-1.1438506038866696,58.19327287220076,58.73511203472982,-0.5547325433094983,-0.51930753415559,-0.5418391625290653,-0.5221069166367043
6.0,57.50082207161023,-1.79181502444269,1.79181502444269,-1.7848480079244164,58.51088224604889,-1.288141373358101,1.288141373358101,-1.2611866516745764,57.528733168676645,58.52506001200474,-1.0100601744386566,-0.503673651084589,-0.9963268433280916,-0.52366135624984
7.0,57.493616033373,-1.89181502444269,1.89181502444269,-1.8846252758699682,58.33119453492112,-1.385908428444214,1.385908428444214,-1.361051622927129,57.52473249550694,58.347656320051485,-0.8375785015481156,-0.5059065959984759,-0.8229238245445458,-0.5235736529428392
8.0,57.3447028087895,-1.98503370260404,1.98503370260404,-1.9825485695773604,58.17554195958839,-1.470598103722172,1.470598103722172,-1.4480505261108163,57.37904930398258,58.19412634514329,-0.8308391507988873,-0.5144355988818681,-0.8150770411607056,-0.5344980434665441
9.0,57.0155828702612,-2.10406629506335,2.10406629506335,-2.1134474345895184,58.03824665793618,-1.54529969146821,1.54529969146821,-1.5251707627634659,57.054393213929146,58.058815233036675,-1.0226637876749791,-0.5587666035951402,-1.0044220191075297,-0.5882766718260526
10.0,56.6296419717719,-2.25003683398986,2.25003683398986,-2.275307322049639,57.91543182557208,-1.612122538761281,1.612122538761281,-1.594462290823509,56.6743241301154,57.937864843489606,-1.2857898538001749,-0.637914295228579,-1.263540713374205,-0.68084503122613
20.0,56.4852893348743,-2.76628736737936,2.76628736737936,-2.803739904163166,57.2142750395631,-2.3768447711264,2.3768447711264,-2.3788628415262147,56.552986278740285,57.263624224884715,-0.728985704688796,-0.3894425962529602,-0.7106379461444305,-0.42487706263695113
30.0,55.11647909957878,-3.28387174831008,3.28387174831008,-3.4096849232539634,56.49066433892997,-2.848210558380573,2.848210558380573,-2.8863596318792237,55.21421992561023,56.562420924484165,-1.3741852393511849,-0.4356611899295073,-1.348200998873935,-0.5233252913747397
40.0,54.9901787567255,-3.46404442647095,3.46404442647095,-3.6045203331905076,55.82429667901162,-3.189475457409663,3.189475457409663,-3.269992420940395,55.09917752095024,55.91533647756871,-0.8341179222861186,-0.27456896906128714,-0.8161589566184659,-0.33452791225011236
50.0,54.38599377788759,-3.79121011438845,3.79121011438845,-3.9875985236516582,55.12531556580012,-3.456844479916143,3.456844479916143,-3.588253193632393,54.51797495633774,55.23359656936503,-0.7393217879125302,-0.3343656344723067,-0.7156216130272881,-0.3993453300192651
60.0,53.78733437365584,-3.920401305394462,3.920401305394462,-4.168749831292746,54.53324612787157,-3.561262100023305,3.561262100023305,-3.7363623243960062,53.930018407365644,54.64940549528496,-0.745911754215733,-0.3591392053711573,-0.7193870879193156,-0.43238750689673955
70.0,53.28117505947447,-3.927418991958381,3.927418991958381,-4.215716168033834,54.03265855080973,-3.649545939896689,3.649545939896689,-3.864079035105028,53.42572634655293,54.15576955076724,-0.7514834913352573,-0.2778730520616919,-0.7300432042143115,-0.3516371329288064
80.0,52.84271991812673,-3.933497988566976,3.933497988566976,-4.257122820938355,53.59902986768937,-3.726020880505083,3.726020880505083,-3.976608756307439,52.98891822609373,53.7283838800258,-0.7563099495626346,-0.20747710806189268,-0.7394656539320721,-0.2805140646309163
90.0,52.45597507459544,-3.938860043588139,3.938860043588139,-4.294216853029958,53.21654226202789,-3.793476558750172,3.793476558750172,-4.077363155545727,52.60364948812538,53.35157762173475,-0.76056718743245,-0.14538348483796693,-0.7479281336093706,-0.21685369748423167
100.0,52.1100200232981,-3.943656565250762,3.943656565250762,-4.32786203330354,52.87439543977423,-3.853817719124787,3.853817719124787,-4.168704408186813,52.25903380213965,53.014654616755344,-0.7643754164761347,-0.08983884612597492,-0.7556208146156962,-0.15915762511672682
150.0,50.69479806866143,-3.58590856464222,3.58590856464222,-4.046091362277333,51.43267014191406,-3.766277631960749,3.766277631960749,-4.188142264724012,50.82146486924922,51.57038302289354,-0.7378720732526318,0.1803690673185292,-0.7489181536443184,0.1420509024466785
200.0,49.39328703583284,-3.35037900603503,3.35037900603503,-3.8804661915261733,50.28269845403556,-3.520908319924822,3.520908319924822,-4.00544227717626,49.50678583475454,50.405818703963,-0.8894114182027195,0.1705293138897921,-0.8990328692084617,0.12497608565008678
250.0,49.22008990404565,-3.181418337236954,3.181418337236954,-3.698258726633277,49.41956340682853,-3.230510318532697,3.230510318532697,-3.7400499849902666,49.322800739605654,49.5250385586896,-0.19947350278287956,0.04909198129574266,-0.20223781908394756,0.04179125835698949
300.0,48.40821499506208,-2.93975282319934,2.93975282319934,-3.4752123542900213,48.77654748517983,-2.93991966084796,2.93991966084796,-3.4492284042938848,48.49739607102284,48.86506637861289,-0.3683324901177514,0.0001668376486199108,-0.36767030759004626,-0.025983949996136513
350.0,48.28464920403465,-2.694140696371008,2.694140696371008,-3.193623630893697,48.28619015945289,-2.660227783080578,2.660227783080578,-3.1534046161436775,48.359753337341644,48.35941451230276,-0.0015409554182426177,-0.03391291329042989,0.00033882503888094107,-0.04021901475001943
400.0,47.60722729103341,-2.329778932699841,2.329778932699841,-2.8016773740951506,47.86394218848706,-2.37446890066919,2.37446890066919,-2.8400419986659053,47.66419998505554,47.922803177433984,-0.25671489745364795,0.0446899679693491,-0.25860319237844465,0.038364624570754735
450.0,46.9555281137874,-1.992197755588411,1.992197755588411,-2.429449994731802,47.44756111415635,-2.068049716236881,2.068049716236881,-2.495714626157355,46.99777092950314,47.492608743997515,-0.4920330003689486,0.07585196064847022,-0.4948378144943746,0.06626463142555306
500.0,46.4883160298395,-1.729082472698612,1.729082472698612,-2.130072474025568,47.06711364303459,-1.759405592078928,1.759405592078928,-2.14076439615878,46.520460589805275,47.09998614356241,-0.5787976131950856,0.030323119380315955,-0.5795255537571364,0.010691922133212017
550.0,46.39497139478467,-1.434746681852373,1.434746681852373,-1.771285487006537,46.76361804602859,-1.470284212599157,1.470284212599157,-1.800830260388351,46.41715058859143,46.78672577153342,-0.36864665124392104,0.03553753074678401,-0.3695751829419862,0.029544773381813938
600.0,46.1234387515446,-1.15766814556759,1.15766814556759,-1.4377847182546792,46.52772817424594,-1.199937099168115,1.199937099168115,-1.47731466479441,46.137964820771494,46.543198623413055,-0.40428942270133916,0.04226895360052518,-0.40523380264156117,0.03952994653973074
650.0,45.87624113585816,-0.8869493326064657,0.8869493326064657,-1.1075912462577018,46.32761120095405,-0.937571698931181,0.937571698931181,-1.1593856848694484,45.884814262171915,46.337097452013545,-0.45137006509589384,0.050622366324715284,-0.45228318984162996,0.051794438611746596
700.0,45.65907333279425,-0.6227431632763808,0.6227431632763808,-0.7814075093027282,46.13509625474227,-0.6738063414370791,0.6738063414370791,-0.836749417459745,45.66331992591965,46.140016486994185,-0.4760229219480223,0.051063178160698275,-0.47669656107453307,0.055341908157016784
750.0,45.46836745669253,-0.3646264586005999,0.3646264586005999,-0.4594646898054311,45.94528506796624,-0.4082653867391371,0.4082653867391371,-0.5091113899319702,45.46982946560421,45.94709893565306,-0.4769176112737057,0.0436389281385372,-0.4772694700488529,0.049646700126539156
800.0,45.692003369255,-0.145030890763821,0.145030890763821,-0.181861801210341,45.76215918593634,-0.1440095042589629,0.1440095042589629,-0.18030420140986214,45.6922335397963,45.76238577801965,-0.07015581668134274,-0.0010213865048581128,-0.0701522382233506,-0.0015575998004788705
850.0,45.5516279069767,0.12736750457127527,-0.12736750457127527,0.16020506349050073,45.58971749622253,0.1158939986999775,-0.1158939986999775,0.14565176222560056,45.551805973604154,45.58986480353186,-0.03808958924582839,0.011473505871297765,-0.03805882992770648,0.014553301264900176
900.0,45.4055555555556,0.3729770728291374,-0.3729770728291374,0.47063693495880465,45.430572910384996,0.3692842305238984,-0.3692842305238984,0.46572078033325165,45.40708741160902,45.43207375641927,-0.025017354829394378,0.0036928423052389747,-0.024986344810251637,0.004916154625553004
950.0,45.1926086956522,0.6293543270896583,-0.6293543270896583,0.797852060746535,45.28273010064133,0.6170140461663317,-0.6170140461663317,0.7806533095883659,45.19699069171934,45.28693356477887,-0.09012140498913368,0.012340280923326619,-0.08994287305952753,0.017198751158169157
1000.0,44.9,0.8777731025130372,-0.8777731025130372,1.119961884218678,45.14323720505276,0.86056186520886,-0.86056186520886,1.0920925183164747,44.9085791984059,45.15143887048907,-0.2432372050527647,0.017211237304177174,-0.2428596720831706,0.027869365902203347
1500.0,44.431860036832,3.1677138822275688,-3.1677138822275688,4.077931168820502,44.26327597579355,3.105601845321146,-3.105601845321146,4.0134119099151935,44.544636013467276,44.37208990943434,0.1685840610384517,0.06211203690642275,0.17254610403293924,0.06451925890530852
2000.0,44.078227848101,5.285814853680577,-5.285814853680577,6.838195534582585,43.72648291516861,5.131859081243279,-5.131859081243279,6.693767414360611,44.39403123052126,44.02659748107128,0.35174493293239095,0.15395577243729797,0.36743374944997953,0.14442812022197415
2500.0,43.571886120996,7.294568326726517,-7.294568326726517,9.504010372195651,43.43760208996211,7.0140080064678045,-7.0140080064678045,9.172558408726303,44.178275059290456,44.000245267960445,0.13428403103388575,0.28056032025871236,0.17802979133001173,0.33145196346934824
3000.0,43.413793103448,9.039077009208148,-9.039077009208148,11.761378541909066,43.39914843417582,8.861840205106027,-8.861840205106027,11.540794284769916,44.344811926620956,44.29467571427134,0.014644669272179556,0.17723680410212062,0.05013621234961363,0.22058425713914964
3500.0,43.6969696969697,11.152299858834487,-11.152299858834487,14.317336532373583,43.48366655007607,10.62123796079475,-10.62123796079475,13.726193354099081,45.097660170337534,44.76203695608626,0.2133031468936295,0.5310618980397379,0.33562321425127095,0.5911431782745016
4000.0,43.560747663552,12.911152892968659,-12.911152892968659,16.509517919266443,43.64450151810521,12.29633608854158,-12.29633608854158,15.734571464326175,45.43387069173464,45.343603672031385,-0.08375385455320838,0.614816804427079,0.0902670197032549,0.7749464549402685
4500.0,43.731981981982,15.290276770559034,-15.290276770559034,19.27146622751292,43.858781663740835,13.9128997002357,-13.9128997002357,17.600088579991567,46.327948495402815,46.012623345083334,-0.1267996817588326,1.377377070323334,0.31532515031948094,1.6713776475213535
5000.0,44.53709677419354,17.308160094225,-17.308160094225,21.237293578064257,44.1,15.5,-15.5,19.36524507895522,47.782061434404476,46.74462535949989,0.43709677419354165,1.8081600942249985,1.0374360749045834,1.872048499109038
5500.0,44.98246774193548,19.12551690411862,-19.12551690411862,23.034087984882234,44.541000000000004,18.041999999999998,-18.041999999999998,22.051146646740563,48.87952333036804,48.05636737207672,0.441467741935476,1.0835169041186212,0.8231559582913164,0.9829413381416714
6000.0,45.1432292419354,21.038068594530483,-21.038068594530483,24.986899517948405,44.53654590000001,20.2554,-20.2554,24.456231408760214,49.8047334756256,48.92632369045121,0.6066833419353941,0.782668594530481,0.8784097851743908,0.5306681091881913
6500.0,45.3595750758709,23.141875453983534,-23.141875453983534,27.030093641298023,44.892838267200005,22.280940000000005,-22.280940000000005,26.395844169989868,50.92187595318199,50.117933067601435,0.46673680867089473,0.8609354539835294,0.8039428855805539,0.6342494713081557
7000.0,45.399116321014,25.456062999381896,-25.456062999381896,29.280096859271804,45.2070881350704,23.766336000000006,-23.766336000000006,27.73186779971165,52.04892800200077,51.07366781930704,0.19202818594359883,1.6897269993818895,0.9752601826937308,1.5482290595601533
7500.0,45.590300786298,28.851669299320104,-28.851669299320104,32.3275372861767,45.38791648761069,26.142969600000004,-26.142969600000004,29.941496745499844,53.9527047249946,52.37860080789527,0.20238429868731345,2.7086996993201,1.574103917099329,2.3860405406768557
8000.0,45.8285989443269,31.651836229252087,-31.651836229252087,34.631164157538116,45.56946815356113,28.75726656000001,-28.75726656000001,32.254562336408355,55.696491971069015,53.884662083020594,0.2591307907657665,2.8945696692520784,1.8118298880484218,2.3766018211297606
8500.0,45.6254474115988,34.52771385304681,-34.52771385304681,37.1171387552942,45.70617655802181,31.632993216000013,-31.632993216000013,34.686895188201255,57.21751895553012,55.58507745210548,-0.08072914642301043,2.894720637046799,1.6324415034246371,2.430243567092944
9000.0,45.9053237538336,35.128695035482,-35.128695035482,37.42474480463562,45.84329508769587,34.79629253760002,-34.79629253760002,37.1994747713915,57.80418638680227,57.553363749304864,0.06202866613772784,0.3324024978819793,0.2508226374974072,0.2252700332441222
9500.0,45.8056197250951,37.234989482312955,-37.234989482312955,39.10736074252647,45.980824972958956,36.884070089856024,-36.884070089856024,38.73526091440182,59.03049415469921,58.94633908553862,-0.1752052478638575,0.35091939245693027,0.08415506916059456,0.3720998281246466
10000.0,46.0463365842704,38.45420914473947,-38.45420914473947,39.86592673288507,46.11876744787783,38.72827359434882,-38.72827359434882,40.02188819735155,59.991593692610664,60.223084332423326,-0.07243086360742979,-0.27406444960934806,-0.23149063981266238,-0.15596146446647907
